﻿<?xml version="1.0" encoding="UTF-8"?>
<JOBS version="1.0">
  <CLIENT ProfessionID="11">
    <JOB JobID="268682">
      <REFNO><![CDATA[]]></REFNO>
      <ADVERTISERID>288</ADVERTISERID>
      <ADVERTISERNAME><![CDATA[JXT Consulting]]></ADVERTISERNAME>
      <TITLE><![CDATA[TEST JOB]]></TITLE>
      <DESCRIPTION><![CDATA[Short description text goes here: lorem ipsum dolor sit amet, consectetur adipiscing elit.]]></DESCRIPTION>
      <FULLDESCRIPTION><![CDATA[<p>
	Full description goes here : Lorem ipsum dolor sit amet, consectetur adipiscing elit. Donec tincidunt lacus sem, eu maximus ipsum viverra eget. Morbi eget condimentum enim, at ornare libero. Donec gravida tortor a imperdiet pharetra. Duis id fermentum tortor. Maecenas eleifend nunc in tortor feugiat pulvinar. Vivamus in nibh blandit, egestas metus suscipit, mattis nisi. Donec nec lacinia nisi. Nulla ullamcorper dui purus, dapibus pretium enim posuere vel. Nulla ac ultrices augue. Morbi ut ultricies tortor, malesuada egestas justo. Proin blandit enim velit, sit amet luctus risus vestibulum eget. Phasellus leo erat, egestas vehicula metus vel, tincidunt malesuada metus. Quisque sem quam, pellentesque eget vulputate sed, molestie a ex. Maecenas quis sapien nunc. Nulla in metus et arcu pellentesque tincidunt vitae quis mi. Nulla ultrices orci et lacus semper, eget vulputate augue suscipit.</p>
<p>
	Morbi sed eleifend enim. Quisque condimentum ex nibh, ac scelerisque odio laoreet at. Donec id augue feugiat magna porttitor ornare porttitor ut erat. Suspendisse eu ligula feugiat, suscipit mauris a, efficitur libero. Aenean convallis dui sed nisl finibus, tincidunt tristique ex varius. Etiam dignissim nisl viverra vulputate euismod. Vestibulum sit amet condimentum lorem. Morbi lobortis cursus scelerisque. Proin rhoncus nunc nisl, sit amet tempor nulla laoreet et.</p>
<p>
	Nullam tempor interdum tristique. Suspendisse vulputate justo id euismod condimentum. Ut id augue facilisis, blandit felis vitae, aliquam ligula. Aliquam varius iaculis mi, sed ultrices diam convallis fermentum. Cras placerat erat in leo molestie lobortis. Praesent elementum facilisis tristique. Fusce at ante id lacus hendrerit ultricies. Vestibulum quis nunc placerat, rutrum nunc in, elementum erat. Fusce porta dignissim interdum. Aliquam erat volutpat.</p>
<p>
	Quisque egestas placerat lectus, in euismod urna bibendum blandit. Pellentesque lacinia venenatis feugiat. Duis aliquam libero vitae leo euismod, a congue risus porta. Vivamus euismod lectus eget tellus sodales, et convallis magna vehicula. Vestibulum dolor ex, congue ut lorem et, pretium euismod orci. Fusce blandit nibh nec arcu elementum, a condimentum eros euismod. Vestibulum scelerisque urna a finibus commodo.</p>
]]></FULLDESCRIPTION>
      <BULLETPOINTS>
        <BULLET1><![CDATA[Bullet Point 1]]></BULLET1>
        <BULLET2><![CDATA[Bullet Point 2]]></BULLET2>
        <BULLET3><![CDATA[Bullet Point 3]]></BULLET3>
      </BULLETPOINTS>
      <APPLICATIONEMAILADDRESS><![CDATA[10]]></APPLICATIONEMAILADDRESS>
      <DATEPOSTED><![CDATA[05/01/2015]]></DATEPOSTED>
      <DATEEXPIRY><![CDATA[05/01/2018]]></DATEEXPIRY>
      <SALARY>
        <SALARYTYPE><![CDATA[Annual Salary]]></SALARYTYPE>
        <SALARYTEXT><![CDATA[]]></SALARYTEXT>
        <SALARYLOWERBAND><![CDATA[50000.00]]></SALARYLOWERBAND>
        <SALARYUPPERBAND><![CDATA[60000.00]]></SALARYUPPERBAND>
        <SHOWSALARY>False</SHOWSALARY>
      </SALARY>
      <APPLICATIONURL><![CDATA[]]></APPLICATIONURL>
      <CONTACTDETAILS><![CDATA[JXT]]></CONTACTDETAILS>
      <CATEGORIES>
        <CLASSIFICATION><![CDATA[Customer Service]]></CLASSIFICATION>
        <SUBCLASSIFICATION><![CDATA[Call Centre Operator]]></SUBCLASSIFICATION>
      </CATEGORIES>
      <LISTING>
        <CLASSIFICATION Name="WORKTYPE"><![CDATA[Permanent]]></CLASSIFICATION>
        <CLASSIFICATION Name="LOCATION"><![CDATA[Sydney]]></CLASSIFICATION>
        <CLASSIFICATION Name="AREA"><![CDATA[All Sydney]]></CLASSIFICATION>
      </LISTING>
      <JOBURL>http://www.lifestylecareers.com.au/customer-service-jobs/test-job/268682</JOBURL>
    </JOB>
    <JOB JobID="260531">
      <REFNO><![CDATA[]]></REFNO>
      <ADVERTISERID>465</ADVERTISERID>
      <ADVERTISERNAME><![CDATA[JXT - B1]]></ADVERTISERNAME>
      <TITLE><![CDATA[TEST1]]></TITLE>
      <DESCRIPTION><![CDATA[TEST1]]></DESCRIPTION>
      <FULLDESCRIPTION><![CDATA[<p style="text-align: justify; font-size: 11px; line-height: 14px; margin: 0px 0px 14px; padding: 0px; color: rgb(0, 0, 0); font-family: Arial, Helvetica, sans;">
	Lorem ipsum dolor sit amet, consectetur adipiscing elit. In at hendrerit lacus. Ut sit amet orci bibendum lorem elementum vulputate. Quisque pulvinar tincidunt risus, sed volutpat tellus sagittis hendrerit. In gravida accumsan diam, sit amet dapibus odio pulvinar sed. Nullam id quam feugiat, maximus risus non, sagittis velit. Maecenas quis turpis aliquet, varius ex vel, porta est. Nulla ac euismod sem. Nulla facilisis iaculis dui non varius. Sed egestas vitae felis eu egestas. Duis hendrerit ligula nec risus consequat sodales. Sed tristique nulla sit amet neque venenatis auctor. Vivamus pharetra sagittis ipsum, in pretium magna elementum ac. Proin quis tortor vel mi dapibus tincidunt.</p>
<p style="text-align: justify; font-size: 11px; line-height: 14px; margin: 0px 0px 14px; padding: 0px; color: rgb(0, 0, 0); font-family: Arial, Helvetica, sans;">
	Aenean tempor felis at euismod consequat. Nunc velit lorem, sagittis et tincidunt vitae, sodales vitae purus. Lorem ipsum dolor sit amet, consectetur adipiscing elit. Morbi dolor quam, ornare viverra ipsum a, blandit auctor eros. Praesent lobortis lacinia urna nec vestibulum. Integer consequat commodo dolor, a venenatis justo pellentesque ac. Sed tincidunt neque nibh, non semper orci tempor ut. Fusce sagittis enim quis maximus sollicitudin. Vestibulum nec erat imperdiet, lobortis est nec, facilisis nisi. Nulla neque felis, lacinia eu semper vel, fringilla ac sem. Vivamus maximus nec libero ac porta. Duis in commodo libero.</p>
<p style="text-align: justify; font-size: 11px; line-height: 14px; margin: 0px 0px 14px; padding: 0px; color: rgb(0, 0, 0); font-family: Arial, Helvetica, sans;">
	Morbi porttitor ex ac leo placerat, quis congue ante mattis. Nam elementum augue eget accumsan blandit. Nullam euismod sollicitudin diam. Nullam mattis, velit vel egestas placerat, tortor felis fringilla magna, eget tempor turpis diam vel ante. Nam feugiat dapibus dui vitae feugiat. Nam mi leo, dignissim fermentum vulputate nec, aliquam sed mi. Nullam maximus commodo elit, sit amet suscipit risus molestie et. Integer erat orci, laoreet eu libero vitae, suscipit condimentum eros. Donec aliquam efficitur tincidunt. Quisque auctor tortor ante, in faucibus arcu luctus vel. Duis pulvinar metus eget aliquet condimentum. Maecenas facilisis tristique ornare. Duis non lacinia arcu, in vulputate risus. Morbi tempor velit id justo auctor ornare.</p>
<p style="text-align: justify; font-size: 11px; line-height: 14px; margin: 0px 0px 14px; padding: 0px; color: rgb(0, 0, 0); font-family: Arial, Helvetica, sans;">
	Ut ut auctor neque. In hac habitasse platea dictumst. Vestibulum a lorem eu ligula elementum rhoncus. Aenean finibus feugiat eros et lobortis. Fusce vel urna aliquet, euismod libero id, auctor eros. Sed vitae suscipit massa. Sed porta non lacus ac scelerisque. Aenean et metus eget velit varius molestie. Integer eget tincidunt lorem, at hendrerit magna. Nullam velit est, feugiat a lacinia a, tempus at magna. Praesent dignissim pharetra fringilla. Morbi lobortis blandit dui, a egestas elit euismod quis. Etiam vitae eros dictum, rhoncus libero sit amet, congue dui.</p>
<p style="text-align: justify; font-size: 11px; line-height: 14px; margin: 0px 0px 14px; padding: 0px; color: rgb(0, 0, 0); font-family: Arial, Helvetica, sans;">
	Proin ultrices malesuada lacus vitae volutpat. Vestibulum vitae eros et mi efficitur viverra vel in mauris. Phasellus bibendum ipsum id massa eleifend venenatis. Integer imperdiet, ipsum mattis egestas tempus, ex erat aliquam nibh, in sodales enim est sed velit. Donec varius justo id erat vehicula tempus. Ut a tortor at tortor lacinia pretium. Cras nec sodales ex. Maecenas egestas nulla eu magna congue pellentesque.</p>
]]></FULLDESCRIPTION>
      <BULLETPOINTS>
        <BULLET1><![CDATA[test]]></BULLET1>
        <BULLET2><![CDATA[test]]></BULLET2>
        <BULLET3><![CDATA[test]]></BULLET3>
      </BULLETPOINTS>
      <APPLICATIONEMAILADDRESS><![CDATA[10]]></APPLICATIONEMAILADDRESS>
      <DATEPOSTED><![CDATA[09/12/2014]]></DATEPOSTED>
      <DATEEXPIRY><![CDATA[05/01/2018]]></DATEEXPIRY>
      <SALARY>
        <SALARYTYPE><![CDATA[Hourly Rate]]></SALARYTYPE>
        <SALARYTEXT><![CDATA[]]></SALARYTEXT>
        <SALARYLOWERBAND><![CDATA[0.0]]></SALARYLOWERBAND>
        <SALARYUPPERBAND><![CDATA[0.0]]></SALARYUPPERBAND>
        <SHOWSALARY>False</SHOWSALARY>
      </SALARY>
      <APPLICATIONURL><![CDATA[]]></APPLICATIONURL>
      <CONTACTDETAILS><![CDATA[Email]]></CONTACTDETAILS>
      <CATEGORIES>
        <CLASSIFICATION><![CDATA[Customer Service]]></CLASSIFICATION>
        <SUBCLASSIFICATION><![CDATA[Call Centre Operator]]></SUBCLASSIFICATION>
      </CATEGORIES>
      <LISTING>
        <CLASSIFICATION Name="WORKTYPE"><![CDATA[Permanent]]></CLASSIFICATION>
        <CLASSIFICATION Name="LOCATION"><![CDATA[Other]]></CLASSIFICATION>
        <CLASSIFICATION Name="AREA"><![CDATA[Other]]></CLASSIFICATION>
      </LISTING>
      <JOBURL>http://www.lifestylecareers.com.au/customer-service-jobs/test1/260531</JOBURL>
    </JOB>
  </CLIENT>
</JOBS>