﻿<?xml version="1.0" encoding="UTF-8"?>
<JOBS version="1.0">
  <CLIENT ProfessionID="18">
    <JOB JobID="268746">
      <REFNO><![CDATA[]]></REFNO>
      <ADVERTISERID>361</ADVERTISERID>
      <ADVERTISERNAME><![CDATA[JXT]]></ADVERTISERNAME>
      <TITLE><![CDATA[TEST JOB 1]]></TITLE>
      <DESCRIPTION><![CDATA[Short description text goes here: lorem ipsum dolor sit amet, consectetur adipiscing elit.]]></DESCRIPTION>
      <FULLDESCRIPTION><![CDATA[<p>
	Full description goes here : Lorem ipsum dolor sit amet, consectetur adipiscing elit. Donec tincidunt lacus sem, eu maximus ipsum viverra eget. Morbi eget condimentum enim, at ornare libero. Donec gravida tortor a imperdiet pharetra. Duis id fermentum tortor. Maecenas eleifend nunc in tortor feugiat pulvinar. Vivamus in nibh blandit, egestas metus suscipit, mattis nisi. Donec nec lacinia nisi. Nulla ullamcorper dui purus, dapibus pretium enim posuere vel. Nulla ac ultrices augue. Morbi ut ultricies tortor, malesuada egestas justo. Proin blandit enim velit, sit amet luctus risus vestibulum eget. Phasellus leo erat, egestas vehicula metus vel, tincidunt malesuada metus. Quisque sem quam, pellentesque eget vulputate sed, molestie a ex. Maecenas quis sapien nunc. Nulla in metus et arcu pellentesque tincidunt vitae quis mi. Nulla ultrices orci et lacus semper, eget vulputate augue suscipit.</p>
<p>
	Morbi sed eleifend enim. Quisque condimentum ex nibh, ac scelerisque odio laoreet at. Donec id augue feugiat magna porttitor ornare porttitor ut erat. Suspendisse eu ligula feugiat, suscipit mauris a, efficitur libero. Aenean convallis dui sed nisl finibus, tincidunt tristique ex varius. Etiam dignissim nisl viverra vulputate euismod. Vestibulum sit amet condimentum lorem. Morbi lobortis cursus scelerisque. Proin rhoncus nunc nisl, sit amet tempor nulla laoreet et.</p>
<p>
	Nullam tempor interdum tristique. Suspendisse vulputate justo id euismod condimentum. Ut id augue facilisis, blandit felis vitae, aliquam ligula. Aliquam varius iaculis mi, sed ultrices diam convallis fermentum. Cras placerat erat in leo molestie lobortis. Praesent elementum facilisis tristique. Fusce at ante id lacus hendrerit ultricies. Vestibulum quis nunc placerat, rutrum nunc in, elementum erat. Fusce porta dignissim interdum. Aliquam erat volutpat.</p>
<p>
	Quisque egestas placerat lectus, in euismod urna bibendum blandit. Pellentesque lacinia venenatis feugiat. Duis aliquam libero vitae leo euismod, a congue risus porta. Vivamus euismod lectus eget tellus sodales, et convallis magna vehicula. Vestibulum dolor ex, congue ut lorem et, pretium euismod orci. Fusce blandit nibh nec arcu elementum, a condimentum eros euismod. Vestibulum scelerisque urna a finibus commodo.</p>
]]></FULLDESCRIPTION>
      <BULLETPOINTS>
        <BULLET1><![CDATA[Bullet Point 1]]></BULLET1>
        <BULLET2><![CDATA[Bullet Point 2]]></BULLET2>
        <BULLET3><![CDATA[Bullet Point 3]]></BULLET3>
      </BULLETPOINTS>
      <APPLICATIONEMAILADDRESS><![CDATA[10]]></APPLICATIONEMAILADDRESS>
      <DATEPOSTED><![CDATA[05/01/2015]]></DATEPOSTED>
      <DATEEXPIRY><![CDATA[05/01/2018]]></DATEEXPIRY>
      <SALARY>
        <SALARYTYPE><![CDATA[Annual Salary]]></SALARYTYPE>
        <SALARYTEXT><![CDATA[]]></SALARYTEXT>
        <SALARYLOWERBAND><![CDATA[50000.00]]></SALARYLOWERBAND>
        <SALARYUPPERBAND><![CDATA[60000.00]]></SALARYUPPERBAND>
        <SHOWSALARY>False</SHOWSALARY>
      </SALARY>
      <APPLICATIONURL><![CDATA[]]></APPLICATIONURL>
      <CONTACTDETAILS><![CDATA[JXT]]></CONTACTDETAILS>
      <CATEGORIES>
        <CLASSIFICATION><![CDATA[Education]]></CLASSIFICATION>
        <SUBCLASSIFICATION><![CDATA[Schools - Other]]></SUBCLASSIFICATION>
      </CATEGORIES>
      <LISTING>
        <CLASSIFICATION Name="WORKTYPE"><![CDATA[Permanent]]></CLASSIFICATION>
        <CLASSIFICATION Name="LOCATION"><![CDATA[Melbourne]]></CLASSIFICATION>
        <CLASSIFICATION Name="AREA"><![CDATA[All Melbourne]]></CLASSIFICATION>
      </LISTING>
      <JOBURL>http://www.lifestylecareers.com.au/education-jobs/test-job-1/268746</JOBURL>
    </JOB>
    <JOB JobID="247095">
      <REFNO><![CDATA[]]></REFNO>
      <ADVERTISERID>2185</ADVERTISERID>
      <ADVERTISERNAME><![CDATA[jxt]]></ADVERTISERNAME>
      <TITLE><![CDATA[Test Job 3]]></TITLE>
      <DESCRIPTION><![CDATA[Lorem ipsum dolor sit amet, consectetur adipisicing elit. Eos blanditiis laudantium laboriosam quae, rerum magni corporis porro totam. Accusantium commodi voluptates nihil nulla neque possimus, facere nemo beatae alias iusto aliquid totam voluptatum consequatur qui laboriosam, vel. Iste natus, impedit.]]></DESCRIPTION>
      <FULLDESCRIPTION><![CDATA[<p>
	Lorem ipsum dolor sit amet, consectetur adipisicing elit. Eos blanditiis laudantium laboriosam quae, rerum magni corporis porro totam. Accusantium commodi voluptates nihil nulla neque possimus, facere nemo beatae alias iusto aliquid totam voluptatum consequatur qui laboriosam, vel. Iste natus, impedit.</p>
<p>
	Lorem ipsum dolor sit amet, consectetur adipisicing elit. Eos blanditiis laudantium laboriosam quae, rerum magni corporis porro totam. Accusantium commodi voluptates nihil nulla neque possimus, facere nemo beatae alias iusto aliquid totam voluptatum consequatur qui laboriosam, vel. Iste natus, impedit.</p>
<p>
	Lorem ipsum dolor sit amet, consectetur adipisicing elit. Eos blanditiis laudantium laboriosam quae, rerum magni corporis porro totam. Accusantium commodi voluptates nihil nulla neque possimus, facere nemo beatae alias iusto aliquid totam voluptatum consequatur qui laboriosam, vel. Iste natus, impedit.</p>
<p>
	Lorem ipsum dolor sit amet, consectetur adipisicing elit. Eos blanditiis laudantium laboriosam quae, rerum magni corporis porro totam. Accusantium commodi voluptates nihil nulla neque possimus, facere nemo beatae alias iusto aliquid totam voluptatum consequatur qui laboriosam, vel. Iste natus, impedit.</p>
]]></FULLDESCRIPTION>
      <BULLETPOINTS>
        <BULLET1><![CDATA[Consectetur adipisicing elit]]></BULLET1>
        <BULLET2><![CDATA[Eos blanditiis laudantium]]></BULLET2>
        <BULLET3><![CDATA[Iste natus, impedit]]></BULLET3>
      </BULLETPOINTS>
      <APPLICATIONEMAILADDRESS><![CDATA[10]]></APPLICATIONEMAILADDRESS>
      <DATEPOSTED><![CDATA[25/11/2014]]></DATEPOSTED>
      <DATEEXPIRY><![CDATA[05/01/2018]]></DATEEXPIRY>
      <SALARY>
        <SALARYTYPE><![CDATA[Annual Salary]]></SALARYTYPE>
        <SALARYTEXT><![CDATA[]]></SALARYTEXT>
        <SALARYLOWERBAND><![CDATA[20000.00]]></SALARYLOWERBAND>
        <SALARYUPPERBAND><![CDATA[30000.00]]></SALARYUPPERBAND>
        <SHOWSALARY>False</SHOWSALARY>
      </SALARY>
      <APPLICATIONURL><![CDATA[]]></APPLICATIONURL>
      <CONTACTDETAILS><![CDATA[Call 2222 1111]]></CONTACTDETAILS>
      <CATEGORIES>
        <CLASSIFICATION><![CDATA[Education]]></CLASSIFICATION>
        <SUBCLASSIFICATION><![CDATA[Univeristy - Admin/Student Services]]></SUBCLASSIFICATION>
      </CATEGORIES>
      <LISTING>
        <CLASSIFICATION Name="WORKTYPE"><![CDATA[Permanent]]></CLASSIFICATION>
        <CLASSIFICATION Name="LOCATION"><![CDATA[Regional NSW]]></CLASSIFICATION>
        <CLASSIFICATION Name="AREA"><![CDATA[Newcastle, Maitland & Hunter]]></CLASSIFICATION>
      </LISTING>
      <JOBURL>http://www.lifestylecareers.com.au/education-jobs/test-job-3/247095</JOBURL>
    </JOB>
    <JOB JobID="247027">
      <REFNO><![CDATA[]]></REFNO>
      <ADVERTISERID>2185</ADVERTISERID>
      <ADVERTISERNAME><![CDATA[jxt]]></ADVERTISERNAME>
      <TITLE><![CDATA[Test Job 2]]></TITLE>
      <DESCRIPTION><![CDATA[Lorem ipsum dolor sit amet, consectetur adipisicing elit. Eos blanditiis laudantium laboriosam quae, rerum magni corporis porro totam. Accusantium commodi voluptates nihil nulla neque possimus, facere nemo beatae alias iusto aliquid totam voluptatum consequatur qui laboriosam, vel. Iste natus, impedit.]]></DESCRIPTION>
      <FULLDESCRIPTION><![CDATA[<p>
	Lorem ipsum dolor sit amet, consectetur adipisicing elit. Eos blanditiis laudantium laboriosam quae, rerum magni corporis porro totam. Accusantium commodi voluptates nihil nulla neque possimus, facere nemo beatae alias iusto aliquid totam voluptatum consequatur qui laboriosam, vel. Iste natus, impedit.</p>
<p>
	Lorem ipsum dolor sit amet, consectetur adipisicing elit. Eos blanditiis laudantium laboriosam quae, rerum magni corporis porro totam. Accusantium commodi voluptates nihil nulla neque possimus, facere nemo beatae alias iusto aliquid totam voluptatum consequatur qui laboriosam, vel. Iste natus, impedit.</p>
<p>
	Lorem ipsum dolor sit amet, consectetur adipisicing elit. Eos blanditiis laudantium laboriosam quae, rerum magni corporis porro totam. Accusantium commodi voluptates nihil nulla neque possimus, facere nemo beatae alias iusto aliquid totam voluptatum consequatur qui laboriosam, vel. Iste natus, impedit.</p>
<p>
	Lorem ipsum dolor sit amet, consectetur adipisicing elit. Eos blanditiis laudantium laboriosam quae, rerum magni corporis porro totam. Accusantium commodi voluptates nihil nulla neque possimus, facere nemo beatae alias iusto aliquid totam voluptatum consequatur qui laboriosam, vel. Iste natus, impedit.</p>
]]></FULLDESCRIPTION>
      <BULLETPOINTS>
        <BULLET1><![CDATA[Consectetur adipisicing elit]]></BULLET1>
        <BULLET2><![CDATA[Eos blanditiis laudantium]]></BULLET2>
        <BULLET3><![CDATA[Iste natus, impedit]]></BULLET3>
      </BULLETPOINTS>
      <APPLICATIONEMAILADDRESS><![CDATA[10]]></APPLICATIONEMAILADDRESS>
      <DATEPOSTED><![CDATA[25/11/2014]]></DATEPOSTED>
      <DATEEXPIRY><![CDATA[05/01/2018]]></DATEEXPIRY>
      <SALARY>
        <SALARYTYPE><![CDATA[Annual Salary]]></SALARYTYPE>
        <SALARYTEXT><![CDATA[]]></SALARYTEXT>
        <SALARYLOWERBAND><![CDATA[20000.00]]></SALARYLOWERBAND>
        <SALARYUPPERBAND><![CDATA[30000.00]]></SALARYUPPERBAND>
        <SHOWSALARY>False</SHOWSALARY>
      </SALARY>
      <APPLICATIONURL><![CDATA[]]></APPLICATIONURL>
      <CONTACTDETAILS><![CDATA[Call 2222 1111]]></CONTACTDETAILS>
      <CATEGORIES>
        <CLASSIFICATION><![CDATA[Education]]></CLASSIFICATION>
        <SUBCLASSIFICATION><![CDATA[Univeristy - Admin/Student Services]]></SUBCLASSIFICATION>
      </CATEGORIES>
      <LISTING>
        <CLASSIFICATION Name="WORKTYPE"><![CDATA[Permanent]]></CLASSIFICATION>
        <CLASSIFICATION Name="LOCATION"><![CDATA[Regional NSW]]></CLASSIFICATION>
        <CLASSIFICATION Name="AREA"><![CDATA[Newcastle, Maitland & Hunter]]></CLASSIFICATION>
      </LISTING>
      <JOBURL>http://www.lifestylecareers.com.au/education-jobs/test-job-2/247027</JOBURL>
    </JOB>
    <JOB JobID="247023">
      <REFNO><![CDATA[]]></REFNO>
      <ADVERTISERID>2185</ADVERTISERID>
      <ADVERTISERNAME><![CDATA[jxt]]></ADVERTISERNAME>
      <TITLE><![CDATA[Test Job 1]]></TITLE>
      <DESCRIPTION><![CDATA[Lorem ipsum dolor sit amet, consectetur adipisicing elit. Eos blanditiis laudantium laboriosam quae, rerum magni corporis porro totam. Accusantium commodi voluptates nihil nulla neque possimus, facere nemo beatae alias iusto aliquid totam voluptatum consequatur qui laboriosam, vel. Iste natus, impedit.]]></DESCRIPTION>
      <FULLDESCRIPTION><![CDATA[<p>
	Lorem ipsum dolor sit amet, consectetur adipisicing elit. Eos blanditiis laudantium laboriosam quae, rerum magni corporis porro totam. Accusantium commodi voluptates nihil nulla neque possimus, facere nemo beatae alias iusto aliquid totam voluptatum consequatur qui laboriosam, vel. Iste natus, impedit.</p>
<p>
	Lorem ipsum dolor sit amet, consectetur adipisicing elit. Eos blanditiis laudantium laboriosam quae, rerum magni corporis porro totam. Accusantium commodi voluptates nihil nulla neque possimus, facere nemo beatae alias iusto aliquid totam voluptatum consequatur qui laboriosam, vel. Iste natus, impedit.</p>
<p>
	Lorem ipsum dolor sit amet, consectetur adipisicing elit. Eos blanditiis laudantium laboriosam quae, rerum magni corporis porro totam. Accusantium commodi voluptates nihil nulla neque possimus, facere nemo beatae alias iusto aliquid totam voluptatum consequatur qui laboriosam, vel. Iste natus, impedit.</p>
<p>
	Lorem ipsum dolor sit amet, consectetur adipisicing elit. Eos blanditiis laudantium laboriosam quae, rerum magni corporis porro totam. Accusantium commodi voluptates nihil nulla neque possimus, facere nemo beatae alias iusto aliquid totam voluptatum consequatur qui laboriosam, vel. Iste natus, impedit.</p>
]]></FULLDESCRIPTION>
      <BULLETPOINTS>
        <BULLET1><![CDATA[]]></BULLET1>
        <BULLET2><![CDATA[]]></BULLET2>
        <BULLET3><![CDATA[]]></BULLET3>
      </BULLETPOINTS>
      <APPLICATIONEMAILADDRESS><![CDATA[10]]></APPLICATIONEMAILADDRESS>
      <DATEPOSTED><![CDATA[25/11/2014]]></DATEPOSTED>
      <DATEEXPIRY><![CDATA[05/01/2018]]></DATEEXPIRY>
      <SALARY>
        <SALARYTYPE><![CDATA[Annual Salary]]></SALARYTYPE>
        <SALARYTEXT><![CDATA[]]></SALARYTEXT>
        <SALARYLOWERBAND><![CDATA[20000.00]]></SALARYLOWERBAND>
        <SALARYUPPERBAND><![CDATA[30000.00]]></SALARYUPPERBAND>
        <SHOWSALARY>False</SHOWSALARY>
      </SALARY>
      <APPLICATIONURL><![CDATA[]]></APPLICATIONURL>
      <CONTACTDETAILS><![CDATA[Call 2222 1111]]></CONTACTDETAILS>
      <CATEGORIES>
        <CLASSIFICATION><![CDATA[Education]]></CLASSIFICATION>
        <SUBCLASSIFICATION><![CDATA[Univeristy - Admin/Student Services]]></SUBCLASSIFICATION>
      </CATEGORIES>
      <LISTING>
        <CLASSIFICATION Name="WORKTYPE"><![CDATA[Permanent]]></CLASSIFICATION>
        <CLASSIFICATION Name="LOCATION"><![CDATA[Regional NSW]]></CLASSIFICATION>
        <CLASSIFICATION Name="AREA"><![CDATA[Newcastle, Maitland & Hunter]]></CLASSIFICATION>
      </LISTING>
      <JOBURL>http://www.lifestylecareers.com.au/education-jobs/test-job-1/247023</JOBURL>
    </JOB>
  </CLIENT>
</JOBS>