﻿<?xml version="1.0" encoding="UTF-8"?>
<JOBS version="1.0">
  <CLIENT ProfessionID="1410">
    <JOB JobID="84680">
      <REFNO><![CDATA[FMPLUS-1]]></REFNO>
      <ADVERTISERID>55</ADVERTISERID>
      <ADVERTISERNAME><![CDATA[FMPLUS]]></ADVERTISERNAME>
      <TITLE><![CDATA[Engineers with experience in the Gas industry]]></TITLE>
      <DESCRIPTION><![CDATA[We are looking to establish relationships with Engineers within the Gas industry for opportunities in 2014]]></DESCRIPTION>
      <FULLDESCRIPTION><![CDATA[<p><span style="font-family: arial;">Cadden Crowe is a professional search and selection recruitment consultancy that was formed in Sydney in January 1996 and has been built upon the recognition that every client has unique challenges, circumstances and specific needs. Since 1996, Cadden Crowe has grown to have offices in Brisbane, Melbourne and Perth and has established formal alliances in Papua New Guinea, Indonesia and New Caledonia.</span></p><p><span style="font-family: arial;">Due to market demand we are looking to establish relationships with Engineers within the gas industry. We have a strong portfolio of clients both owner operators and EPCM, who require experienced professionals for their production and projects.</span></p><p> </p><p><span style="font-family: arial;">Key professions targeted:</span></p><p> </p><ul><li><span style="font-family: arial;">Mechanical Engineers</span></li><li><span style="font-family: arial;">E & I Engineers</span></li><li><span style="font-family: arial;">Project Engineer</span></li><li><span style="font-family: arial;">Safety Manager</span></li><li><span style="font-family: arial;">Project Controls Engineer</span></li><li><span style="font-family: arial;">Planning and Scheduling Engineer</span></li><li><span style="font-family: arial;">Environmental Manager</span></li><li><span style="font-family: arial;">Maintenance Manager</span></li></ul><p> <span style="font-family: arial;">For further information please contact Julie Baker on 03 8506 2804 quoting 200018452 or apply online. Resumes must be in Word format</span></p>]]></FULLDESCRIPTION>
      <BULLETPOINTS>
        <BULLET1><![CDATA[]]></BULLET1>
        <BULLET2><![CDATA[]]></BULLET2>
        <BULLET3><![CDATA[]]></BULLET3>
      </BULLETPOINTS>
      <APPLICATIONEMAILADDRESS><![CDATA[10]]></APPLICATIONEMAILADDRESS>
      <DATEPOSTED><![CDATA[13/02/2014]]></DATEPOSTED>
      <DATEEXPIRY><![CDATA[15/03/2014]]></DATEEXPIRY>
      <SALARY>
        <SALARYTYPE><![CDATA[Annual Salary]]></SALARYTYPE>
        <SALARYTEXT><![CDATA[Salary Additional text]]></SALARYTEXT>
        <SALARYLOWERBAND><![CDATA[175000.00]]></SALARYLOWERBAND>
        <SALARYUPPERBAND><![CDATA[200000.00]]></SALARYUPPERBAND>
        <SHOWSALARY>False</SHOWSALARY>
      </SALARY>
      <APPLICATIONURL><![CDATA[http://appres.caddencrowe.com.au/ApplicationFormNewGeneral.asp?WebJobPostingsID=2304&iframe=y&ihf=y]]></APPLICATIONURL>
      <CONTACTDETAILS><![CDATA[Contact Details]]></CONTACTDETAILS>
      <CATEGORIES>
        <CLASSIFICATION><![CDATA[aa18]]></CLASSIFICATION>
        <SUBCLASSIFICATION><![CDATA[bb18]]></SUBCLASSIFICATION>
      </CATEGORIES>
      <LISTING>
        <CLASSIFICATION Name="WORKTYPE"><![CDATA[Contract]]></CLASSIFICATION>
        <CLASSIFICATION Name="LOCATION"><![CDATA[Hawkes Bay]]></CLASSIFICATION>
        <CLASSIFICATION Name="AREA"><![CDATA[Napier]]></CLASSIFICATION>
      </LISTING>
      <JOBURL>http://fmplus.com.au/aa18-jobs/fmplus-1/84680</JOBURL>
    </JOB>
    <JOB JobID="84679">
      <REFNO><![CDATA[FMPLUS-3]]></REFNO>
      <ADVERTISERID>55</ADVERTISERID>
      <ADVERTISERNAME><![CDATA[FMPLUS]]></ADVERTISERNAME>
      <TITLE><![CDATA[Engineers with experience in the Gas industry]]></TITLE>
      <DESCRIPTION><![CDATA[We are looking to establish relationships with Engineers within the Gas industry for opportunities in 2014]]></DESCRIPTION>
      <FULLDESCRIPTION><![CDATA[<p><span style="font-family: arial;">Cadden Crowe is a professional search and selection recruitment consultancy that was formed in Sydney in January 1996 and has been built upon the recognition that every client has unique challenges, circumstances and specific needs. Since 1996, Cadden Crowe has grown to have offices in Brisbane, Melbourne and Perth and has established formal alliances in Papua New Guinea, Indonesia and New Caledonia.</span></p><p><span style="font-family: arial;">Due to market demand we are looking to establish relationships with Engineers within the gas industry. We have a strong portfolio of clients both owner operators and EPCM, who require experienced professionals for their production and projects.</span></p><p> </p><p><span style="font-family: arial;">Key professions targeted:</span></p><p> </p><ul><li><span style="font-family: arial;">Mechanical Engineers</span></li><li><span style="font-family: arial;">E & I Engineers</span></li><li><span style="font-family: arial;">Project Engineer</span></li><li><span style="font-family: arial;">Safety Manager</span></li><li><span style="font-family: arial;">Project Controls Engineer</span></li><li><span style="font-family: arial;">Planning and Scheduling Engineer</span></li><li><span style="font-family: arial;">Environmental Manager</span></li><li><span style="font-family: arial;">Maintenance Manager</span></li></ul><p> <span style="font-family: arial;">For further information please contact Julie Baker on 03 8506 2804 quoting 200018452 or apply online. Resumes must be in Word format</span></p>]]></FULLDESCRIPTION>
      <BULLETPOINTS>
        <BULLET1><![CDATA[Bullet point 1]]></BULLET1>
        <BULLET2><![CDATA[Bullet point 2]]></BULLET2>
        <BULLET3><![CDATA[Bullet point 3]]></BULLET3>
      </BULLETPOINTS>
      <APPLICATIONEMAILADDRESS><![CDATA[10]]></APPLICATIONEMAILADDRESS>
      <DATEPOSTED><![CDATA[13/02/2014]]></DATEPOSTED>
      <DATEEXPIRY><![CDATA[15/03/2014]]></DATEEXPIRY>
      <SALARY>
        <SALARYTYPE><![CDATA[Annual Salary]]></SALARYTYPE>
        <SALARYTEXT><![CDATA[Salary Additional text]]></SALARYTEXT>
        <SALARYLOWERBAND><![CDATA[30000.00]]></SALARYLOWERBAND>
        <SALARYUPPERBAND><![CDATA[40000.00]]></SALARYUPPERBAND>
        <SHOWSALARY>False</SHOWSALARY>
      </SALARY>
      <APPLICATIONURL><![CDATA[http://appres.caddencrowe.com.au/ApplicationFormNewGeneral.asp?WebJobPostingsID=2304&iframe=y&ihf=y]]></APPLICATIONURL>
      <CONTACTDETAILS><![CDATA[Contact Details]]></CONTACTDETAILS>
      <CATEGORIES>
        <CLASSIFICATION><![CDATA[aa18]]></CLASSIFICATION>
        <SUBCLASSIFICATION><![CDATA[bb18]]></SUBCLASSIFICATION>
      </CATEGORIES>
      <LISTING>
        <CLASSIFICATION Name="WORKTYPE"><![CDATA[Contract]]></CLASSIFICATION>
        <CLASSIFICATION Name="LOCATION"><![CDATA[Hawkes Bay]]></CLASSIFICATION>
        <CLASSIFICATION Name="AREA"><![CDATA[Napier]]></CLASSIFICATION>
      </LISTING>
      <JOBURL>http://fmplus.com.au/aa18-jobs/fmplus-3/84679</JOBURL>
    </JOB>
    <JOB JobID="84676">
      <REFNO><![CDATA[TESTJOB-1]]></REFNO>
      <ADVERTISERID>55</ADVERTISERID>
      <ADVERTISERNAME><![CDATA[FMPLUS]]></ADVERTISERNAME>
      <TITLE><![CDATA[TESTJOB-1]]></TITLE>
      <DESCRIPTION><![CDATA[We are looking to establish relationships with Engineers within the Gas industry for opportunities in 2014]]></DESCRIPTION>
      <FULLDESCRIPTION><![CDATA[<p><span style="font-family: arial;">Cadden Crowe is a professional search and selection recruitment consultancy that was formed in Sydney in January 1996 and has been built upon the recognition that every client has unique challenges, circumstances and specific needs. Since 1996, Cadden Crowe has grown to have offices in Brisbane, Melbourne and Perth and has established formal alliances in Papua New Guinea, Indonesia and New Caledonia.</span></p><p><span style="font-family: arial;">Due to market demand we are looking to establish relationships with Engineers within the gas industry. We have a strong portfolio of clients both owner operators and EPCM, who require experienced professionals for their production and projects.</span></p><p> </p><p><span style="font-family: arial;">Key professions targeted:</span></p><p> </p><ul><li><span style="font-family: arial;">Mechanical Engineers</span></li><li><span style="font-family: arial;">E & I Engineers</span></li><li><span style="font-family: arial;">Project Engineer</span></li><li><span style="font-family: arial;">Safety Manager</span></li><li><span style="font-family: arial;">Project Controls Engineer</span></li><li><span style="font-family: arial;">Planning and Scheduling Engineer</span></li><li><span style="font-family: arial;">Environmental Manager</span></li><li><span style="font-family: arial;">Maintenance Manager</span></li></ul><p> <span style="font-family: arial;">For further information please contact Julie Baker on 03 8506 2804 quoting 200018452 or apply online. Resumes must be in Word format</span></p>]]></FULLDESCRIPTION>
      <BULLETPOINTS>
        <BULLET1><![CDATA[String]]></BULLET1>
        <BULLET2><![CDATA[String]]></BULLET2>
        <BULLET3><![CDATA[String]]></BULLET3>
      </BULLETPOINTS>
      <APPLICATIONEMAILADDRESS><![CDATA[10]]></APPLICATIONEMAILADDRESS>
      <DATEPOSTED><![CDATA[12/02/2014]]></DATEPOSTED>
      <DATEEXPIRY><![CDATA[14/03/2014]]></DATEEXPIRY>
      <SALARY>
        <SALARYTYPE><![CDATA[Annual Salary]]></SALARYTYPE>
        <SALARYTEXT><![CDATA[Salary Additional text]]></SALARYTEXT>
        <SALARYLOWERBAND><![CDATA[20000.00]]></SALARYLOWERBAND>
        <SALARYUPPERBAND><![CDATA[200000.00]]></SALARYUPPERBAND>
        <SHOWSALARY>False</SHOWSALARY>
      </SALARY>
      <APPLICATIONURL><![CDATA[http://appres.caddencrowe.com.au/ApplicationFormNewGeneral.asp?WebJobPostingsID=2304&iframe=y&ihf=y]]></APPLICATIONURL>
      <CONTACTDETAILS><![CDATA[Contact Details]]></CONTACTDETAILS>
      <CATEGORIES>
        <CLASSIFICATION><![CDATA[aa18]]></CLASSIFICATION>
        <SUBCLASSIFICATION><![CDATA[bb18]]></SUBCLASSIFICATION>
      </CATEGORIES>
      <LISTING>
        <CLASSIFICATION Name="WORKTYPE"><![CDATA[Casual]]></CLASSIFICATION>
        <CLASSIFICATION Name="LOCATION"><![CDATA[Hawkes Bay]]></CLASSIFICATION>
        <CLASSIFICATION Name="AREA"><![CDATA[Napier]]></CLASSIFICATION>
      </LISTING>
      <JOBURL>http://fmplus.com.au/aa18-jobs/testjob-1/84676</JOBURL>
    </JOB>
  </CLIENT>
</JOBS>